Ecoparques,Direccion,Geolocalizacion
Alaquàs - Aldaia,"Carrer Aladrers, s/n -Poligono Bovalar",https://www.google.es/maps?q=39.44988079487%2C-0.4732608186761%20
Albal,"Pol. Ind. Albal, Sector IV, carrer 15",https://www.google.es/maps?q=39.389145591324%2C-0.39821599615367%20
Albalat dels Sorells,"Polígon Ind. Albalat dels Sorells - Carrer de les Moreres,s/n",https://www.google.es/maps?q=39.550597256567%2C-0.3455535304628%20
Alboraia,"Camí de Calvet, Parcel·la 41",https://www.google.es/maps?q=39.492369255319%2C-0.3348593338525%20
Albuixech,Camí d' Ortiz s/n,https://www.google.es/maps?q=39.54166101668%2C-0.320348%20
Almàssera,"Camí de la Mar. Partida del Barranc, s/n",https://www.google.es/maps?q=39.511762687374%2C-0.3454854661962%20
Catarroja,"C/ 31, S/N (Pol. Ind de Catarroja)",https://www.google.es/maps?q=39.398068558126%2C-0.3946878712612%20
Manises,"C/ del Comtat, s/n, Polígon Industrial La Cova",https://www.google.es/maps?q=39.504697785936%2C-0.507380250739%20
Massamagrell,"Pol. Ind. Bobalar, Avda. Serra, 108, cantó carrer 7",https://www.google.es/maps?q=39.585697025546%2C-0.3520146572518%20
Meliana,Camí del Cementeri,https://www.google.es/maps?q=39.523787095291%2C-0.3505824550995%20
Paiporta-Picanya,"Camí Mal Pas, s/n (Junt al cementeri)",https://www.google.es/maps?q=39.434392297807%2C-0.4201885340955%20
Paterna,"Carrer de l'Algepser, 97",https://www.google.es/maps?q=39.521476%2C-0.458815%20
Picassent,"Av. d´Omet, 33 (Ctra. CV-4140)",https://www.google.es/maps?q=39.356080374298%2C-0.4633750554684%20
Puçol,Avda. del Progrés (cantó Teixidors). Pol. Ind. Camp Aníbal,https://www.google.es/maps?q=39.612324505304%2C-0.3226684382917%20
Sedaví,"C/ Ernesto Andreu Minguet,S/N",https://www.google.es/maps?q=39.426330069071%2C-0.3791560357771%20
Silla,C/ Massanassa nº 7,https://www.google.es/maps?q=39.365182298887%2C-0.4213308902025%20
Torrent I,C/ Sant Joan Baptista s/n,https://www.google.es/maps?q=39.429821879533%2C-0.4649288820285%20
Torrent II,"Polígon Toll l’Alberca, s/n",https://www.google.es/maps?q=39.418130033012%2C-0.5020633952874%20
València - Vara de Quart,Camí Alqueria de la Morera s/n,https://www.google.es/maps?q=39.455096733557%2C-0.4083824124593%20
Xirivella,"Carrer 8 cantó Ferradors, Polígon Industrial Sector D",https://www.google.es/maps?q=39.459329897448%2C-0.4401478384411%20
